<?xml version="1.0" encoding="UTF-8"?>
<project-private xmlns="http://www.netbeans.org/ns/project-private/1">
    <open-files xmlns="http://www.netbeans.org/ns/projectui-open-files/2">
        <group>
            <file>file:/D:/Programming/Java/JavaProject/FilterPT2/src/java/servlet/Servlet2.java</file>
            <file>file:/D:/Programming/Java/JavaProject/FilterPT2/web/META-INF/context.xml</file>
            <file>file:/D:/Programming/Java/JavaProject/FilterPT2/src/java/servlet/Servlet1.java</file>
            <file>file:/D:/Programming/Java/JavaProject/FilterPT2/src/java/servlet/Servlet3.java</file>
            <file>file:/D:/Programming/Java/JavaProject/FilterPT2/src/java/filter/MyFilter2.java</file>
            <file>file:/D:/Programming/Java/JavaProject/FilterPT2/src/java/filter/MyFilter1.java</file>
            <file>file:/D:/Programming/Java/JavaProject/FilterPT2/src/java/filter/MyFilter3.java</file>
            <file>file:/D:/Programming/Java/JavaProject/FilterPT2/web/index.html</file>
        </group>
    </open-files>
</project-private>
