<?xml version="1.0" encoding="UTF-8"?>
<project-private xmlns="http://www.netbeans.org/ns/project-private/1">
    <editor-bookmarks xmlns="http://www.netbeans.org/ns/editor-bookmarks/2" lastBookmarkId="0"/>
    <open-files xmlns="http://www.netbeans.org/ns/projectui-open-files/2">
        <group>
            <file>file:/D:/Programming/Java/JavaProject/Human/web/insert.jsp</file>
            <file>file:/D:/Programming/Java/JavaProject/Human/web/list.jsp</file>
            <file>file:/D:/Programming/Java/JavaProject/Human/src/java/dal/DBContext.java</file>
            <file>file:/D:/Programming/Java/JavaProject/Human/src/java/model/Human.java</file>
            <file>file:/D:/Programming/Java/JavaProject/Human/src/java/controller/ListController.java</file>
            <file>file:/D:/Programming/Java/JavaProject/Human/src/java/controller/InsertController.java</file>
            <file>file:/D:/Programming/Java/JavaProject/Human/src/java/controller/UpdateController.java</file>
            <file>file:/D:/Programming/Java/JavaProject/Human/src/java/model/HumanType.java</file>
        </group>
    </open-files>
</project-private>
